SampleID	Dataset
GSM955680_DNA10204-001.CEL	E-GEOD-39088
GSM955681_DNA10204-003.CEL	E-GEOD-39088
GSM955682_DNA10204-005.CEL	E-GEOD-39088
GSM955683_DNA10204-007.CEL	E-GEOD-39088
GSM955684_DNA10204-011.CEL	E-GEOD-39088
GSM955685_DNA10204-013.CEL	E-GEOD-39088
GSM955686_DNA10204-015.CEL	E-GEOD-39088
GSM955687_DNA10204-017.CEL	E-GEOD-39088
GSM955688_DNA10204-019.CEL	E-GEOD-39088
GSM955689_DNA10204-021.CEL	E-GEOD-39088
GSM955690_DNA10204-023.CEL	E-GEOD-39088
GSM955691_DNA10204-025.CEL	E-GEOD-39088
GSM955692_DNA10204-028.CEL	E-GEOD-39088
GSM955693_DNA10204-031.CEL	E-GEOD-39088
GSM955694_DNA10204-033.CEL	E-GEOD-39088
GSM955695_DNA10204-035.CEL	E-GEOD-39088
GSM955696_DNA10204-037.CEL	E-GEOD-39088
GSM955697_DNA10204-039.CEL	E-GEOD-39088
GSM955698_DNA10204-041.CEL	E-GEOD-39088
GSM955699_DNA10204-043.CEL	E-GEOD-39088
GSM955700_DNA10204-045.CEL	E-GEOD-39088
GSM955701_DNA10204-047.CEL	E-GEOD-39088
GSM955702_DNA10204-049.CEL	E-GEOD-39088
GSM955703_DNA10204-051.CEL	E-GEOD-39088
GSM955704_DNA10204-053.CEL	E-GEOD-39088
GSM955705_DNA10204-055.CEL	E-GEOD-39088
GSM955706_DNA10204-057.CEL	E-GEOD-39088
GSM955707_DNA10204-059.CEL	E-GEOD-39088
GSM955708_DNA10204-061.CEL	E-GEOD-39088
GSM955709_DNA10204-063.CEL	E-GEOD-39088
GSM955710_DNA10204-065.CEL	E-GEOD-39088
GSM955711_DNA10204-067.CEL	E-GEOD-39088
GSM955712_DNA10204-069.CEL	E-GEOD-39088
GSM955713_DNA10204-071.CEL	E-GEOD-39088
GSM955714_DNA10204-073.CEL	E-GEOD-39088
GSM955715_DNA10204-075.CEL	E-GEOD-39088
GSM955716_DNA10204-077.CEL	E-GEOD-39088
GSM955717_DNA10204-079.CEL	E-GEOD-39088
GSM955718_DNA10204-081.CEL	E-GEOD-39088
GSM955719_DNA10204-083.CEL	E-GEOD-39088
GSM955720_DNA10204-085.CEL	E-GEOD-39088
GSM955721_DNA10204-087.CEL	E-GEOD-39088
GSM955722_DNA10204-089.CEL	E-GEOD-39088
GSM955723_DNA10204-091.CEL	E-GEOD-39088
GSM955724_DNA10204-093.CEL	E-GEOD-39088
GSM955725_DNA10204-095.CEL	E-GEOD-39088
GSM955726_DNA10204-099.CEL	E-GEOD-39088
GSM955727_DNA10204-105.CEL	E-GEOD-39088
GSM955728_DNA10204-116.CEL	E-GEOD-39088
GSM955729_DNA10204-122.CEL	E-GEOD-39088
GSM955730_DNA10204-133.CEL	E-GEOD-39088
GSM955731_DNA10204-139.CEL	E-GEOD-39088
GSM955732_DNA10204-150.CEL	E-GEOD-39088
GSM955733_DNA10204-156.CEL	E-GEOD-39088
GSM955734_DNA10204-184.CEL	E-GEOD-39088
GSM955735_DNA10204-190.CEL	E-GEOD-39088
GSM955736_DNA10204-201.CEL	E-GEOD-39088
GSM955737_DNA10204-207.CEL	E-GEOD-39088
GSM955738_DNA10204-218.CEL	E-GEOD-39088
GSM955739_DNA10204-224.CEL	E-GEOD-39088
GSM955740_DNA10204-235.CEL	E-GEOD-39088
GSM955741_DNA10204-241.CEL	E-GEOD-39088
GSM955742_DNA10204-252.CEL	E-GEOD-39088
GSM955743_DNA10204-258.CEL	E-GEOD-39088
GSM955744_DNA10204-331.CEL	E-GEOD-39088
GSM955745_DNA11091-089.CEL	E-GEOD-39088
GSM955746_DNA11091-115.CEL	E-GEOD-39088
GSM955747_DNA10204-290.CEL	E-GEOD-39088
GSM955748_DNA11091-119.CEL	E-GEOD-39088
GSM955749_DNA11091-106.CEL	E-GEOD-39088
GSM955750_DNA11091-081.CEL	E-GEOD-39088
GSM955751_DNA11091-149.CEL	E-GEOD-39088
GSM955752_DNA11159-003.CEL	E-GEOD-39088
GSM955753_DNA10204-287.CEL	E-GEOD-39088
GSM955754_DNA11091-073.CEL	E-GEOD-39088
GSM955755_DNA11091-128.CEL	E-GEOD-39088
GSM955756_DNA11091-083.CEL	E-GEOD-39088
GSM955757_DNA11091-151.CEL	E-GEOD-39088
GSM955758_DNA11159-013.CEL	E-GEOD-39088
GSM955759_DNA10204-309.CEL	E-GEOD-39088
GSM955760_DNA11091-112.CEL	E-GEOD-39088
GSM955761_DNA11091-095.CEL	E-GEOD-39088
GSM955762_DNA10204-341.CEL	E-GEOD-39088
GSM955763_DNA11091-053.CEL	E-GEOD-39088
GSM955764_DNA11091-077.CEL	E-GEOD-39088
GSM955765_DNA10204-335.CEL	E-GEOD-39088
GSM955766_DNA11091-109.CEL	E-GEOD-39088
GSM955767_DNA11091-058.CEL	E-GEOD-39088
GSM955768_DNA10204-339.CEL	E-GEOD-39088
GSM955769_DNA11091-055.CEL	E-GEOD-39088
GSM955770_DNA11091-087.CEL	E-GEOD-39088
GSM955771_DNA10204-337.CEL	E-GEOD-39088
GSM955772_DNA11091-050.CEL	E-GEOD-39088
GSM955773_DNA11091-136.CEL	E-GEOD-39088
GSM955774_DNA10204-333.CEL	E-GEOD-39088
GSM955775_DNA11091-017.CEL	E-GEOD-39088
GSM955776_DNA11091-108.CEL	E-GEOD-39088
GSM955777_DNA10204-343.CEL	E-GEOD-39088
GSM955778_DNA11091-124.CEL	E-GEOD-39088
GSM955779_DNA11091-022.CEL	E-GEOD-39088
GSM955780_DNA10204-303.CEL	E-GEOD-39088
GSM955781_DNA11091-038.CEL	E-GEOD-39088
GSM955782_DNA11091-107.CEL	E-GEOD-39088
GSM955783_DNA10204-281.CEL	E-GEOD-39088
GSM955784_DNA11091-027.CEL	E-GEOD-39088
GSM955785_DNA11091-130.CEL	E-GEOD-39088
GSM955786_DNA10204-285.CEL	E-GEOD-39088
GSM955787_DNA11091-120.CEL	E-GEOD-39088
GSM955788_DNA11091-091.CEL	E-GEOD-39088
GSM955789_DNA10204-283.CEL	E-GEOD-39088
GSM955790_DNA11091-069.CEL	E-GEOD-39088
GSM955791_DNA11091-093.CEL	E-GEOD-39088
GSM955792_DNA10204-305.CEL	E-GEOD-39088
GSM955793_DNA11091-035.CEL	E-GEOD-39088
GSM955794_DNA11091-044.CEL	E-GEOD-39088
GSM955795_DNA10204-291.CEL	E-GEOD-39088
GSM955796_DNA11091-031.CEL	E-GEOD-39088
GSM955797_DNA11091-059.CEL	E-GEOD-39088
GSM955798_DNA10204-299.CEL	E-GEOD-39088
GSM955799_DNA11091-039.CEL	E-GEOD-39088
GSM955800_DNA11091-048.CEL	E-GEOD-39088
GSM955801_DNA10204-301.CEL	E-GEOD-39088
GSM955802_DNA11091-042.CEL	E-GEOD-39088
GSM955803_DNA11091-045.CEL	E-GEOD-39088
GSM955804_DNA10204-307.CEL	E-GEOD-39088
GSM955805_DNA11091-113.CEL	E-GEOD-39088
GSM955806_DNA11091-098.CEL	E-GEOD-39088
GSM955807_DNA11091-061.CEL	E-GEOD-39088
GSM955808_DNA11091-166.CEL	E-GEOD-39088
GSM955809_DNA11091-152.CEL	E-GEOD-39088
GSM955810_DNA11091-052.CEL	E-GEOD-39088
GSM955811_DNA11091-161.CEL	E-GEOD-39088
GSM955812_DNA11091-168.CEL	E-GEOD-39088
GSM955813_DNA11091-071.CEL	E-GEOD-39088
GSM955814_DNA11091-140.CEL	E-GEOD-39088
GSM955815_DNA11159-010.CEL	E-GEOD-39088
GSM955816_DNA11091-079.CEL	E-GEOD-39088
GSM955817_DNA11091-147.CEL	E-GEOD-39088
GSM955818_DNA11159-018.CEL	E-GEOD-39088
GSM955819_DNA11091-067.CEL	E-GEOD-39088
GSM955820_DNA11091-137.CEL	E-GEOD-39088
GSM955821_DNA11159-012.CEL	E-GEOD-39088
GSM1199352	E-GEOD-49454
GSM1199353	E-GEOD-49454
GSM1199354	E-GEOD-49454
GSM1199355	E-GEOD-49454
GSM1199356	E-GEOD-49454
GSM1199357	E-GEOD-49454
GSM1199358	E-GEOD-49454
GSM1199359	E-GEOD-49454
GSM1199360	E-GEOD-49454
GSM1199361	E-GEOD-49454
GSM1199362	E-GEOD-49454
GSM1199363	E-GEOD-49454
GSM1199364	E-GEOD-49454
GSM1199365	E-GEOD-49454
GSM1199367	E-GEOD-49454
GSM1199369	E-GEOD-49454
GSM1199373	E-GEOD-49454
GSM1199376	E-GEOD-49454
GSM1199379	E-GEOD-49454
GSM1199381	E-GEOD-49454
GSM1199384	E-GEOD-49454
GSM1199386	E-GEOD-49454
GSM1199388	E-GEOD-49454
GSM1199391	E-GEOD-49454
GSM1199394	E-GEOD-49454
GSM1199396	E-GEOD-49454
GSM1199398	E-GEOD-49454
GSM1199399	E-GEOD-49454
GSM1199400	E-GEOD-49454
GSM1199401	E-GEOD-49454
GSM1199402	E-GEOD-49454
GSM1199403	E-GEOD-49454
GSM1199404	E-GEOD-49454
GSM1199405	E-GEOD-49454
GSM1199406	E-GEOD-49454
GSM1199407	E-GEOD-49454
GSM1199408	E-GEOD-49454
GSM1199409	E-GEOD-49454
GSM1199410	E-GEOD-49454
GSM1199411	E-GEOD-49454
GSM1199412	E-GEOD-49454
GSM1199413	E-GEOD-49454
GSM1199414	E-GEOD-49454
GSM1199415	E-GEOD-49454
GSM1199416	E-GEOD-49454
GSM1199417	E-GEOD-49454
GSM1199418	E-GEOD-49454
GSM1199419	E-GEOD-49454
GSM1199420	E-GEOD-49454
GSM1199421	E-GEOD-49454
GSM1199422	E-GEOD-49454
GSM1199423	E-GEOD-49454
GSM1199424	E-GEOD-49454
GSM1199425	E-GEOD-49454
GSM1199426	E-GEOD-49454
GSM1199427	E-GEOD-49454
GSM1199428	E-GEOD-49454
GSM1199429	E-GEOD-49454
GSM1199430	E-GEOD-49454
GSM1199431	E-GEOD-49454
GSM1199432	E-GEOD-49454
GSM1199433	E-GEOD-49454
GSM1199434	E-GEOD-49454
GSM1199435	E-GEOD-49454
GSM1199436	E-GEOD-49454
GSM1199437	E-GEOD-49454
GSM1199438	E-GEOD-49454
GSM1199439	E-GEOD-49454
GSM1199440	E-GEOD-49454
GSM1199441	E-GEOD-49454
GSM1199442	E-GEOD-49454
GSM1199443	E-GEOD-49454
GSM1199444	E-GEOD-49454
GSM1199445	E-GEOD-49454
GSM1199446	E-GEOD-49454
GSM1199447	E-GEOD-49454
GSM1199448	E-GEOD-49454
GSM1199449	E-GEOD-49454
GSM1199450	E-GEOD-49454
GSM1199451	E-GEOD-49454
GSM1199452	E-GEOD-49454
GSM1199453	E-GEOD-49454
GSM1199454	E-GEOD-49454
GSM1199455	E-GEOD-49454
GSM1199456	E-GEOD-49454
GSM1199457	E-GEOD-49454
GSM1199458	E-GEOD-49454
GSM1199459	E-GEOD-49454
GSM1199460	E-GEOD-49454
GSM1199461	E-GEOD-49454
GSM1199462	E-GEOD-49454
GSM1199463	E-GEOD-49454
GSM1199464	E-GEOD-49454
GSM1199465	E-GEOD-49454
GSM1199466	E-GEOD-49454
GSM1199467	E-GEOD-49454
GSM1199468	E-GEOD-49454
GSM1199469	E-GEOD-49454
GSM1199470	E-GEOD-49454
GSM1199471	E-GEOD-49454
GSM1199472	E-GEOD-49454
GSM1199473	E-GEOD-49454
GSM1199474	E-GEOD-49454
GSM1199475	E-GEOD-49454
GSM1199476	E-GEOD-49454
GSM1199477	E-GEOD-49454
GSM1199478	E-GEOD-49454
GSM1199479	E-GEOD-49454
GSM1199480	E-GEOD-49454
GSM1199481	E-GEOD-49454
GSM1199482	E-GEOD-49454
GSM1199483	E-GEOD-49454
GSM1199484	E-GEOD-49454
GSM1199485	E-GEOD-49454
GSM1199486	E-GEOD-49454
GSM1199487	E-GEOD-49454
GSM1199488	E-GEOD-49454
GSM1199489	E-GEOD-49454
GSM1199490	E-GEOD-49454
GSM1199491	E-GEOD-49454
GSM1199492	E-GEOD-49454
GSM1199493	E-GEOD-49454
GSM1199494	E-GEOD-49454
GSM1199495	E-GEOD-49454
GSM1199496	E-GEOD-49454
GSM1199497	E-GEOD-49454
GSM1199498	E-GEOD-49454
GSM1199499	E-GEOD-49454
GSM1199500	E-GEOD-49454
GSM1199501	E-GEOD-49454
GSM1199502	E-GEOD-49454
GSM1199503	E-GEOD-49454
GSM1199504	E-GEOD-49454
GSM1199505	E-GEOD-49454
GSM1199506	E-GEOD-49454
GSM1199507	E-GEOD-49454
GSM1199508	E-GEOD-49454
GSM1199509	E-GEOD-49454
GSM1199510	E-GEOD-49454
GSM1199511	E-GEOD-49454
GSM1199512	E-GEOD-49454
GSM1199513	E-GEOD-49454
GSM1199514	E-GEOD-49454
GSM1199515	E-GEOD-49454
GSM1199516	E-GEOD-49454
GSM1199517	E-GEOD-49454
GSM1199518	E-GEOD-49454
GSM1199519	E-GEOD-49454
GSM1199520	E-GEOD-49454
GSM1199521	E-GEOD-49454
GSM1199522	E-GEOD-49454
GSM1199523	E-GEOD-49454
GSM1199524	E-GEOD-49454
GSM1199525	E-GEOD-49454
GSM1199526	E-GEOD-49454
GSM1199527	E-GEOD-49454
GSM1199528	E-GEOD-49454
GSM1199529	E-GEOD-49454
GSM1199530	E-GEOD-49454
GSM1199531	E-GEOD-49454
GSM1199532	E-GEOD-49454
GSM1199533	E-GEOD-49454
GSM1199534	E-GEOD-49454
GSM1199535	E-GEOD-49454
GSM1199536	E-GEOD-49454
GSM1199537	E-GEOD-49454
GSM1199538	E-GEOD-49454
GSM1199539	E-GEOD-49454
GSM1199540	E-GEOD-49454
GSM1199541	E-GEOD-49454
GSM1199542	E-GEOD-49454
GSM1199543	E-GEOD-49454
GSM1199544	E-GEOD-49454
GSM1199545	E-GEOD-49454
GSM1199546	E-GEOD-49454
GSM1199547	E-GEOD-49454
GSM1199548	E-GEOD-49454
GSM1509610_1001V1.CEL	E-GEOD-61635
GSM1509611_1001V2.CEL	E-GEOD-61635
GSM1509612_1004V1.CEL	E-GEOD-61635
GSM1509613_1005V1.CEL	E-GEOD-61635
GSM1509614_1011V1.CEL	E-GEOD-61635
GSM1509615_1012V1.CEL	E-GEOD-61635
GSM1509616_1014V1.CEL	E-GEOD-61635
GSM1509617_1014V2.CEL	E-GEOD-61635
GSM1509618_1015V1.CEL	E-GEOD-61635
GSM1509619_1019V1.CEL	E-GEOD-61635
GSM1509620_1020V1.CEL	E-GEOD-61635
GSM1509621_1021V1.CEL	E-GEOD-61635
GSM1509622_1023V1.CEL	E-GEOD-61635
GSM1509623_1024V1.CEL	E-GEOD-61635
GSM1509624_1024V2.CEL	E-GEOD-61635
GSM1509625_1025V1.CEL	E-GEOD-61635
GSM1509626_1026V4.CEL	E-GEOD-61635
GSM1509627_1028V1.CEL	E-GEOD-61635
GSM1509628_1029V1.CEL	E-GEOD-61635
GSM1509629_1029V2.CEL	E-GEOD-61635
GSM1509630_1030V1.CEL	E-GEOD-61635
GSM1509631_1030V2.CEL	E-GEOD-61635
GSM1509632_1031V2.CEL	E-GEOD-61635
GSM1509633_1032V3.CEL	E-GEOD-61635
GSM1509634_1034V2.CEL	E-GEOD-61635
GSM1509635_1034V3.CEL	E-GEOD-61635
GSM1509636_1035V1.CEL	E-GEOD-61635
GSM1509637_1036V1.CEL	E-GEOD-61635
GSM1509638_1037V1.CEL	E-GEOD-61635
GSM1509639_1040V1.CEL	E-GEOD-61635
GSM1509640_1041V1.CEL	E-GEOD-61635
GSM1509641_1042V1.CEL	E-GEOD-61635
GSM1509642_1043V2.CEL	E-GEOD-61635
GSM1509643_1044V1.CEL	E-GEOD-61635
GSM1509644_1045V1.CEL	E-GEOD-61635
GSM1509645_1045V2.CEL	E-GEOD-61635
GSM1509646_1046V1.CEL	E-GEOD-61635
GSM1509647_1046V2.CEL	E-GEOD-61635
GSM1509648_1047V1.CEL	E-GEOD-61635
GSM1509649_1048V1.CEL	E-GEOD-61635
GSM1509650_1048V2.CEL	E-GEOD-61635
GSM1509651_1049V2.CEL	E-GEOD-61635
GSM1509652_1049V4.CEL	E-GEOD-61635
GSM1509653_1050V1.CEL	E-GEOD-61635
GSM1509654_1051V1.CEL	E-GEOD-61635
GSM1509655_1052V1.CEL	E-GEOD-61635
GSM1509656_1053V1.CEL	E-GEOD-61635
GSM1509657_1054V1.CEL	E-GEOD-61635
GSM1509658_1056V1.CEL	E-GEOD-61635
GSM1509659_1060V1.CEL	E-GEOD-61635
GSM1509660_1064V1.CEL	E-GEOD-61635
GSM1509661_1065V1.CEL	E-GEOD-61635
GSM1509662_1066V1.CEL	E-GEOD-61635
GSM1509663_1069V1.CEL	E-GEOD-61635
GSM1509664_1072V1.CEL	E-GEOD-61635
GSM1509665_1075V1.CEL	E-GEOD-61635
GSM1509666_1076V1.CEL	E-GEOD-61635
GSM1509667_1081V4.CEL	E-GEOD-61635
GSM1509668_1082V2.CEL	E-GEOD-61635
GSM1509669_1083V1.CEL	E-GEOD-61635
GSM1509670_1083V2.CEL	E-GEOD-61635
GSM1509671_1084V3.CEL	E-GEOD-61635
GSM1509672_1087V1.CEL	E-GEOD-61635
GSM1509673_1088V2.CEL	E-GEOD-61635
GSM1509674_1088V3.CEL	E-GEOD-61635
GSM1509675_1090V1.CEL	E-GEOD-61635
GSM1509676_1091V1.CEL	E-GEOD-61635
GSM1509677_1092V1.CEL	E-GEOD-61635
GSM1509678_1093V1.CEL	E-GEOD-61635
GSM1509679_1095V2.CEL	E-GEOD-61635
GSM1509680_1096V1.CEL	E-GEOD-61635
GSM1509681_1097V1.CEL	E-GEOD-61635
GSM1509682_1097V2.CEL	E-GEOD-61635
GSM1509683_1097V3.CEL	E-GEOD-61635
GSM1509684_1099V1.CEL	E-GEOD-61635
GSM1509685_1099V2.CEL	E-GEOD-61635
GSM1509686_1100V3.CEL	E-GEOD-61635
GSM1509687_1101V3.CEL	E-GEOD-61635
GSM1509688_1102V1.CEL	E-GEOD-61635
GSM1509689_1102V2.CEL	E-GEOD-61635
GSM1509690_1103V1.CEL	E-GEOD-61635
GSM1509691_1103V2_2.CEL	E-GEOD-61635
GSM1509692_1104V1.CEL	E-GEOD-61635
GSM1509693_1105V1.CEL	E-GEOD-61635
GSM1509694_1110V1.CEL	E-GEOD-61635
GSM1509695_1111V1.CEL	E-GEOD-61635
GSM1509696_1111V2.CEL	E-GEOD-61635
GSM1509697_1113V1.CEL	E-GEOD-61635
GSM1509698_1114V4.CEL	E-GEOD-61635
GSM1509699_1115V1.CEL	E-GEOD-61635
GSM1509700_1115V2.CEL	E-GEOD-61635
GSM1509701_1116V1.CEL	E-GEOD-61635
GSM1509702_1117V1.CEL	E-GEOD-61635
GSM1509703_1118V3_2.CEL	E-GEOD-61635
GSM1509704_1120V1.CEL	E-GEOD-61635
GSM1509705_1121V1.CEL	E-GEOD-61635
GSM1509706_1123V2.CEL	E-GEOD-61635
GSM1509707_1125V1.CEL	E-GEOD-61635
GSM1509708_1127V1.CEL	E-GEOD-61635
GSM1509709_Untreated_Control_11690.CEL	E-GEOD-61635
GSM1509710_Untreated_Control_11691.CEL	E-GEOD-61635
GSM1509711_Untreated_Control_11692.CEL	E-GEOD-61635
GSM1509712_Untreated_Control_11693.CEL	E-GEOD-61635
GSM1509713_Untreated_Control_11694.CEL	E-GEOD-61635
GSM1509714_Untreated_Control_11695.CEL	E-GEOD-61635
GSM1509715_Untreated_Control_11696.CEL	E-GEOD-61635
GSM1509716_Untreated_Control_11697.CEL	E-GEOD-61635
GSM1509717_Untreated_Control_11698.CEL	E-GEOD-61635
GSM1509718_Untreated_Control_11699.CEL	E-GEOD-61635
GSM1509719_Untreated_Control_11815.CEL	E-GEOD-61635
GSM1509720_Untreated_Control_11816.CEL	E-GEOD-61635
GSM1509721_Untreated_Control_11817.CEL	E-GEOD-61635
GSM1509722_Untreated_Control_11818.CEL	E-GEOD-61635
GSM1509723_Untreated_Control_11819.CEL	E-GEOD-61635
GSM1509724_Untreated_Control_11820.CEL	E-GEOD-61635
GSM1509725_Untreated_Control_11821.CEL	E-GEOD-61635
GSM1509726_Untreated_Control_11822.CEL	E-GEOD-61635
GSM1509727_Untreated_Control_11823.CEL	E-GEOD-61635
GSM1509728_Untreated_Control_11824.CEL	E-GEOD-61635
GSM1509729_Untreated_Control_11846.CEL	E-GEOD-61635
GSM1509730_Untreated_Control_11847.CEL	E-GEOD-61635
GSM1509731_Untreated_Control_11848.CEL	E-GEOD-61635
GSM1509732_Untreated_Control_11849.CEL	E-GEOD-61635
GSM1509733_Untreated_Control_11850.CEL	E-GEOD-61635
GSM1509734_Untreated_Control_11851.CEL	E-GEOD-61635
GSM1509735_Untreated_Control_11852.CEL	E-GEOD-61635
GSM1509736_Untreated_Control_11853.CEL	E-GEOD-61635
GSM1509737_Untreated_Control_11854.CEL	E-GEOD-61635
GSM1509738_Untreated_Control_11855.CEL	E-GEOD-61635
GSM1594219	E-GEOD-65391
GSM1594220	E-GEOD-65391
GSM1594221	E-GEOD-65391
GSM1594222	E-GEOD-65391
GSM1594223	E-GEOD-65391
GSM1594224	E-GEOD-65391
GSM1594225	E-GEOD-65391
GSM1594226	E-GEOD-65391
GSM1594227	E-GEOD-65391
GSM1594228	E-GEOD-65391
GSM1594229	E-GEOD-65391
GSM1594230	E-GEOD-65391
GSM1594231	E-GEOD-65391
GSM1594232	E-GEOD-65391
GSM1594233	E-GEOD-65391
GSM1594234	E-GEOD-65391
GSM1594235	E-GEOD-65391
GSM1594236	E-GEOD-65391
GSM1594237	E-GEOD-65391
GSM1594238	E-GEOD-65391
GSM1594239	E-GEOD-65391
GSM1594240	E-GEOD-65391
GSM1594241	E-GEOD-65391
GSM1594244	E-GEOD-65391
GSM1594247	E-GEOD-65391
GSM1594250	E-GEOD-65391
GSM1594253	E-GEOD-65391
GSM1594254	E-GEOD-65391
GSM1594255	E-GEOD-65391
GSM1594256	E-GEOD-65391
GSM1594257	E-GEOD-65391
GSM1594258	E-GEOD-65391
GSM1594259	E-GEOD-65391
GSM1594260	E-GEOD-65391
GSM1594261	E-GEOD-65391
GSM1594262	E-GEOD-65391
GSM1594263	E-GEOD-65391
GSM1594264	E-GEOD-65391
GSM1594265	E-GEOD-65391
GSM1594266	E-GEOD-65391
GSM1594267	E-GEOD-65391
GSM1594268	E-GEOD-65391
GSM1594269	E-GEOD-65391
GSM1594270	E-GEOD-65391
GSM1594271	E-GEOD-65391
GSM1594272	E-GEOD-65391
GSM1594273	E-GEOD-65391
GSM1594274	E-GEOD-65391
GSM1594275	E-GEOD-65391
GSM1594276	E-GEOD-65391
GSM1594277	E-GEOD-65391
GSM1594278	E-GEOD-65391
GSM1594279	E-GEOD-65391
GSM1594280	E-GEOD-65391
GSM1594281	E-GEOD-65391
GSM1594282	E-GEOD-65391
GSM1594283	E-GEOD-65391
GSM1594284	E-GEOD-65391
GSM1594285	E-GEOD-65391
GSM1594286	E-GEOD-65391
GSM1594287	E-GEOD-65391
GSM1594288	E-GEOD-65391
GSM1594289	E-GEOD-65391
GSM1594290	E-GEOD-65391
GSM1594291	E-GEOD-65391
GSM1594292	E-GEOD-65391
GSM1594293	E-GEOD-65391
GSM1594294	E-GEOD-65391
GSM1594295	E-GEOD-65391
GSM1594296	E-GEOD-65391
GSM1594297	E-GEOD-65391
GSM1594298	E-GEOD-65391
GSM1594299	E-GEOD-65391
GSM1594300	E-GEOD-65391
GSM1594301	E-GEOD-65391
GSM1594302	E-GEOD-65391
GSM1594303	E-GEOD-65391
GSM1594304	E-GEOD-65391
GSM1594305	E-GEOD-65391
GSM1594306	E-GEOD-65391
GSM1594307	E-GEOD-65391
GSM1594308	E-GEOD-65391
GSM1594309	E-GEOD-65391
GSM1594310	E-GEOD-65391
GSM1594311	E-GEOD-65391
GSM1594312	E-GEOD-65391
GSM1594313	E-GEOD-65391
GSM1594314	E-GEOD-65391
GSM1594315	E-GEOD-65391
GSM1594316	E-GEOD-65391
GSM1594317	E-GEOD-65391
GSM1594318	E-GEOD-65391
GSM1594319	E-GEOD-65391
GSM1594320	E-GEOD-65391
GSM1594321	E-GEOD-65391
GSM1594322	E-GEOD-65391
GSM1594323	E-GEOD-65391
GSM1594324	E-GEOD-65391
GSM1594325	E-GEOD-65391
GSM1594326	E-GEOD-65391
GSM1594327	E-GEOD-65391
GSM1594328	E-GEOD-65391
GSM1594329	E-GEOD-65391
GSM1594330	E-GEOD-65391
GSM1594331	E-GEOD-65391
GSM1594332	E-GEOD-65391
GSM1594333	E-GEOD-65391
GSM1594334	E-GEOD-65391
GSM1594335	E-GEOD-65391
GSM1594336	E-GEOD-65391
GSM1594337	E-GEOD-65391
GSM1594338	E-GEOD-65391
GSM1594339	E-GEOD-65391
GSM1594340	E-GEOD-65391
GSM1594341	E-GEOD-65391
GSM1594342	E-GEOD-65391
GSM1594343	E-GEOD-65391
GSM1594344	E-GEOD-65391
GSM1594345	E-GEOD-65391
GSM1594346	E-GEOD-65391
GSM1594347	E-GEOD-65391
GSM1594348	E-GEOD-65391
GSM1594349	E-GEOD-65391
GSM1594350	E-GEOD-65391
GSM1594351	E-GEOD-65391
GSM1594352	E-GEOD-65391
GSM1594353	E-GEOD-65391
GSM1594354	E-GEOD-65391
GSM1594355	E-GEOD-65391
GSM1594356	E-GEOD-65391
GSM1594357	E-GEOD-65391
GSM1594358	E-GEOD-65391
GSM1594359	E-GEOD-65391
GSM1594360	E-GEOD-65391
GSM1594361	E-GEOD-65391
GSM1594362	E-GEOD-65391
GSM1594363	E-GEOD-65391
GSM1594364	E-GEOD-65391
GSM1594365	E-GEOD-65391
GSM1594366	E-GEOD-65391
GSM1594367	E-GEOD-65391
GSM1594368	E-GEOD-65391
GSM1594369	E-GEOD-65391
GSM1594370	E-GEOD-65391
GSM1594371	E-GEOD-65391
GSM1594372	E-GEOD-65391
GSM1594373	E-GEOD-65391
GSM1594374	E-GEOD-65391
GSM1594375	E-GEOD-65391
GSM1594376	E-GEOD-65391
GSM1594377	E-GEOD-65391
GSM1594378	E-GEOD-65391
GSM1594379	E-GEOD-65391
GSM1594380	E-GEOD-65391
GSM1594381	E-GEOD-65391
GSM1594382	E-GEOD-65391
GSM1594383	E-GEOD-65391
GSM1594384	E-GEOD-65391
GSM1594385	E-GEOD-65391
GSM1594386	E-GEOD-65391
GSM1594387	E-GEOD-65391
GSM1594388	E-GEOD-65391
GSM1594389	E-GEOD-65391
GSM1594390	E-GEOD-65391
GSM1594391	E-GEOD-65391
GSM1594392	E-GEOD-65391
GSM1594393	E-GEOD-65391
GSM1594394	E-GEOD-65391
GSM1594395	E-GEOD-65391
GSM1594396	E-GEOD-65391
GSM1594397	E-GEOD-65391
GSM1594398	E-GEOD-65391
GSM1594399	E-GEOD-65391
GSM1594400	E-GEOD-65391
GSM1594401	E-GEOD-65391
GSM1594402	E-GEOD-65391
GSM1594403	E-GEOD-65391
GSM1594404	E-GEOD-65391
GSM1594405	E-GEOD-65391
GSM1594406	E-GEOD-65391
GSM1594407	E-GEOD-65391
GSM1594408	E-GEOD-65391
GSM1594409	E-GEOD-65391
GSM1594410	E-GEOD-65391
GSM1594411	E-GEOD-65391
GSM1594412	E-GEOD-65391
GSM1594413	E-GEOD-65391
GSM1594414	E-GEOD-65391
GSM1594415	E-GEOD-65391
GSM1594416	E-GEOD-65391
GSM1594417	E-GEOD-65391
GSM1594418	E-GEOD-65391
GSM1594419	E-GEOD-65391
GSM1594420	E-GEOD-65391
GSM1594421	E-GEOD-65391
GSM1594422	E-GEOD-65391
GSM1594423	E-GEOD-65391
GSM1594424	E-GEOD-65391
GSM1594425	E-GEOD-65391
GSM1594426	E-GEOD-65391
GSM1594427	E-GEOD-65391
GSM1594428	E-GEOD-65391
GSM1594429	E-GEOD-65391
GSM1594430	E-GEOD-65391
GSM1594431	E-GEOD-65391
GSM1594432	E-GEOD-65391
GSM1594433	E-GEOD-65391
GSM1594434	E-GEOD-65391
GSM1594435	E-GEOD-65391
GSM1594436	E-GEOD-65391
GSM1594437	E-GEOD-65391
GSM1594438	E-GEOD-65391
GSM1594439	E-GEOD-65391
GSM1594440	E-GEOD-65391
GSM1594441	E-GEOD-65391
GSM1594442	E-GEOD-65391
GSM1594443	E-GEOD-65391
GSM1594444	E-GEOD-65391
GSM1594445	E-GEOD-65391
GSM1594446	E-GEOD-65391
GSM1594447	E-GEOD-65391
GSM1594448	E-GEOD-65391
GSM1594449	E-GEOD-65391
GSM1594450	E-GEOD-65391
GSM1594451	E-GEOD-65391
GSM1594452	E-GEOD-65391
GSM1594453	E-GEOD-65391
GSM1594454	E-GEOD-65391
GSM1594455	E-GEOD-65391
GSM1594456	E-GEOD-65391
GSM1594457	E-GEOD-65391
GSM1594458	E-GEOD-65391
GSM1594459	E-GEOD-65391
GSM1594460	E-GEOD-65391
GSM1594461	E-GEOD-65391
GSM1594462	E-GEOD-65391
GSM1594463	E-GEOD-65391
GSM1594464	E-GEOD-65391
GSM1594465	E-GEOD-65391
GSM1594466	E-GEOD-65391
GSM1594467	E-GEOD-65391
GSM1594468	E-GEOD-65391
GSM1594469	E-GEOD-65391
GSM1594470	E-GEOD-65391
GSM1594471	E-GEOD-65391
GSM1594472	E-GEOD-65391
GSM1594473	E-GEOD-65391
GSM1594474	E-GEOD-65391
GSM1594475	E-GEOD-65391
GSM1594476	E-GEOD-65391
GSM1594477	E-GEOD-65391
GSM1594478	E-GEOD-65391
GSM1594479	E-GEOD-65391
GSM1594480	E-GEOD-65391
GSM1594481	E-GEOD-65391
GSM1594482	E-GEOD-65391
GSM1594483	E-GEOD-65391
GSM1594484	E-GEOD-65391
GSM1594485	E-GEOD-65391
GSM1594486	E-GEOD-65391
GSM1594487	E-GEOD-65391
GSM1594488	E-GEOD-65391
GSM1594489	E-GEOD-65391
GSM1594490	E-GEOD-65391
GSM1594491	E-GEOD-65391
GSM1594492	E-GEOD-65391
GSM1594493	E-GEOD-65391
GSM1594494	E-GEOD-65391
GSM1594495	E-GEOD-65391
GSM1594496	E-GEOD-65391
GSM1594497	E-GEOD-65391
GSM1594498	E-GEOD-65391
GSM1594499	E-GEOD-65391
GSM1594500	E-GEOD-65391
GSM1594501	E-GEOD-65391
GSM1594502	E-GEOD-65391
GSM1594503	E-GEOD-65391
GSM1594504	E-GEOD-65391
GSM1594505	E-GEOD-65391
GSM1594506	E-GEOD-65391
GSM1594507	E-GEOD-65391
GSM1594508	E-GEOD-65391
GSM1594509	E-GEOD-65391
GSM1594510	E-GEOD-65391
GSM1594511	E-GEOD-65391
GSM1594512	E-GEOD-65391
GSM1594513	E-GEOD-65391
GSM1594514	E-GEOD-65391
GSM1594515	E-GEOD-65391
GSM1594516	E-GEOD-65391
GSM1594517	E-GEOD-65391
GSM1594518	E-GEOD-65391
GSM1594519	E-GEOD-65391
GSM1594520	E-GEOD-65391
GSM1594521	E-GEOD-65391
GSM1594522	E-GEOD-65391
GSM1594523	E-GEOD-65391
GSM1594524	E-GEOD-65391
GSM1594525	E-GEOD-65391
GSM1594526	E-GEOD-65391
GSM1594527	E-GEOD-65391
GSM1594528	E-GEOD-65391
GSM1594529	E-GEOD-65391
GSM1594530	E-GEOD-65391
GSM1594531	E-GEOD-65391
GSM1594532	E-GEOD-65391
GSM1594533	E-GEOD-65391
GSM1594534	E-GEOD-65391
GSM1594535	E-GEOD-65391
GSM1594536	E-GEOD-65391
GSM1594537	E-GEOD-65391
GSM1594538	E-GEOD-65391
GSM1594539	E-GEOD-65391
GSM1594540	E-GEOD-65391
GSM1594541	E-GEOD-65391
GSM1594542	E-GEOD-65391
GSM1594543	E-GEOD-65391
GSM1594544	E-GEOD-65391
GSM1594545	E-GEOD-65391
GSM1594546	E-GEOD-65391
GSM1594547	E-GEOD-65391
GSM1594548	E-GEOD-65391
GSM1594549	E-GEOD-65391
GSM1594550	E-GEOD-65391
GSM1594551	E-GEOD-65391
GSM1594552	E-GEOD-65391
GSM1594553	E-GEOD-65391
GSM1594554	E-GEOD-65391
GSM1594555	E-GEOD-65391
GSM1594556	E-GEOD-65391
GSM1594557	E-GEOD-65391
GSM1594558	E-GEOD-65391
GSM1594559	E-GEOD-65391
GSM1594560	E-GEOD-65391
GSM1594561	E-GEOD-65391
GSM1594562	E-GEOD-65391
GSM1594563	E-GEOD-65391
GSM1594564	E-GEOD-65391
GSM1594565	E-GEOD-65391
GSM1594566	E-GEOD-65391
GSM1594567	E-GEOD-65391
GSM1594568	E-GEOD-65391
GSM1594569	E-GEOD-65391
GSM1594570	E-GEOD-65391
GSM1594571	E-GEOD-65391
GSM1594572	E-GEOD-65391
GSM1594573	E-GEOD-65391
GSM1594574	E-GEOD-65391
GSM1594575	E-GEOD-65391
GSM1594576	E-GEOD-65391
GSM1594577	E-GEOD-65391
GSM1594578	E-GEOD-65391
GSM1594579	E-GEOD-65391
GSM1594580	E-GEOD-65391
GSM1594581	E-GEOD-65391
GSM1594582	E-GEOD-65391
GSM1594583	E-GEOD-65391
GSM1594584	E-GEOD-65391
GSM1594585	E-GEOD-65391
GSM1594586	E-GEOD-65391
GSM1594587	E-GEOD-65391
GSM1594588	E-GEOD-65391
GSM1594589	E-GEOD-65391
GSM1594590	E-GEOD-65391
GSM1594591	E-GEOD-65391
GSM1594592	E-GEOD-65391
GSM1594593	E-GEOD-65391
GSM1594594	E-GEOD-65391
GSM1594595	E-GEOD-65391
GSM1594596	E-GEOD-65391
GSM1594597	E-GEOD-65391
GSM1594598	E-GEOD-65391
GSM1594599	E-GEOD-65391
GSM1594600	E-GEOD-65391
GSM1594601	E-GEOD-65391
GSM1594602	E-GEOD-65391
GSM1594603	E-GEOD-65391
GSM1594604	E-GEOD-65391
GSM1594605	E-GEOD-65391
GSM1594606	E-GEOD-65391
GSM1594607	E-GEOD-65391
GSM1594608	E-GEOD-65391
GSM1594609	E-GEOD-65391
GSM1594610	E-GEOD-65391
GSM1594611	E-GEOD-65391
GSM1594612	E-GEOD-65391
GSM1594613	E-GEOD-65391
GSM1594614	E-GEOD-65391
GSM1594615	E-GEOD-65391
GSM1594616	E-GEOD-65391
GSM1594617	E-GEOD-65391
GSM1594618	E-GEOD-65391
GSM1594619	E-GEOD-65391
GSM1594620	E-GEOD-65391
GSM1594621	E-GEOD-65391
GSM1594622	E-GEOD-65391
GSM1594623	E-GEOD-65391
GSM1594624	E-GEOD-65391
GSM1594625	E-GEOD-65391
GSM1594626	E-GEOD-65391
GSM1594627	E-GEOD-65391
GSM1594628	E-GEOD-65391
GSM1594629	E-GEOD-65391
GSM1594630	E-GEOD-65391
GSM1594631	E-GEOD-65391
GSM1594632	E-GEOD-65391
GSM1594633	E-GEOD-65391
GSM1594634	E-GEOD-65391
GSM1594635	E-GEOD-65391
GSM1594636	E-GEOD-65391
GSM1594637	E-GEOD-65391
GSM1594638	E-GEOD-65391
GSM1594639	E-GEOD-65391
GSM1594640	E-GEOD-65391
GSM1594641	E-GEOD-65391
GSM1594642	E-GEOD-65391
GSM1594643	E-GEOD-65391
GSM1594644	E-GEOD-65391
GSM1594645	E-GEOD-65391
GSM1594646	E-GEOD-65391
GSM1594647	E-GEOD-65391
GSM1594648	E-GEOD-65391
GSM1594649	E-GEOD-65391
GSM1594650	E-GEOD-65391
GSM1594651	E-GEOD-65391
GSM1594652	E-GEOD-65391
GSM1594653	E-GEOD-65391
GSM1594654	E-GEOD-65391
GSM1594655	E-GEOD-65391
GSM1594656	E-GEOD-65391
GSM1594657	E-GEOD-65391
GSM1594658	E-GEOD-65391
GSM1594659	E-GEOD-65391
GSM1594660	E-GEOD-65391
GSM1594661	E-GEOD-65391
GSM1594662	E-GEOD-65391
GSM1594663	E-GEOD-65391
GSM1594664	E-GEOD-65391
GSM1594665	E-GEOD-65391
GSM1594666	E-GEOD-65391
GSM1594667	E-GEOD-65391
GSM1594668	E-GEOD-65391
GSM1594669	E-GEOD-65391
GSM1594670	E-GEOD-65391
GSM1594671	E-GEOD-65391
GSM1594672	E-GEOD-65391
GSM1594673	E-GEOD-65391
GSM1594674	E-GEOD-65391
GSM1594675	E-GEOD-65391
GSM1594676	E-GEOD-65391
GSM1594677	E-GEOD-65391
GSM1594678	E-GEOD-65391
GSM1594679	E-GEOD-65391
GSM1594680	E-GEOD-65391
GSM1594681	E-GEOD-65391
GSM1594682	E-GEOD-65391
GSM1594683	E-GEOD-65391
GSM1594684	E-GEOD-65391
GSM1594685	E-GEOD-65391
GSM1594686	E-GEOD-65391
GSM1594687	E-GEOD-65391
GSM1594688	E-GEOD-65391
GSM1594689	E-GEOD-65391
GSM1594690	E-GEOD-65391
GSM1594691	E-GEOD-65391
GSM1594692	E-GEOD-65391
GSM1594693	E-GEOD-65391
GSM1594694	E-GEOD-65391
GSM1594695	E-GEOD-65391
GSM1594696	E-GEOD-65391
GSM1594697	E-GEOD-65391
GSM1594698	E-GEOD-65391
GSM1594699	E-GEOD-65391
GSM1594700	E-GEOD-65391
GSM1594701	E-GEOD-65391
GSM1594702	E-GEOD-65391
GSM1594703	E-GEOD-65391
GSM1594704	E-GEOD-65391
GSM1594705	E-GEOD-65391
GSM1594706	E-GEOD-65391
GSM1594707	E-GEOD-65391
GSM1594708	E-GEOD-65391
GSM1594709	E-GEOD-65391
GSM1594710	E-GEOD-65391
GSM1594711	E-GEOD-65391
GSM1594712	E-GEOD-65391
GSM1594713	E-GEOD-65391
GSM1594714	E-GEOD-65391
GSM1594715	E-GEOD-65391
GSM1594716	E-GEOD-65391
GSM1594717	E-GEOD-65391
GSM1594718	E-GEOD-65391
GSM1594719	E-GEOD-65391
GSM1594720	E-GEOD-65391
GSM1594721	E-GEOD-65391
GSM1594722	E-GEOD-65391
GSM1594723	E-GEOD-65391
GSM1594724	E-GEOD-65391
GSM1594725	E-GEOD-65391
GSM1594726	E-GEOD-65391
GSM1594727	E-GEOD-65391
GSM1594728	E-GEOD-65391
GSM1594729	E-GEOD-65391
GSM1594730	E-GEOD-65391
GSM1594731	E-GEOD-65391
GSM1594732	E-GEOD-65391
GSM1594733	E-GEOD-65391
GSM1594734	E-GEOD-65391
GSM1594735	E-GEOD-65391
GSM1594736	E-GEOD-65391
GSM1594737	E-GEOD-65391
GSM1594738	E-GEOD-65391
GSM1594739	E-GEOD-65391
GSM1594740	E-GEOD-65391
GSM1594741	E-GEOD-65391
GSM1594742	E-GEOD-65391
GSM1594743	E-GEOD-65391
GSM1594744	E-GEOD-65391
GSM1594745	E-GEOD-65391
GSM1594746	E-GEOD-65391
GSM1594747	E-GEOD-65391
GSM1594748	E-GEOD-65391
GSM1594749	E-GEOD-65391
GSM1594750	E-GEOD-65391
GSM1594751	E-GEOD-65391
GSM1594752	E-GEOD-65391
GSM1594753	E-GEOD-65391
GSM1594754	E-GEOD-65391
GSM1594755	E-GEOD-65391
GSM1594756	E-GEOD-65391
GSM1594757	E-GEOD-65391
GSM1594758	E-GEOD-65391
GSM1594759	E-GEOD-65391
GSM1594760	E-GEOD-65391
GSM1594761	E-GEOD-65391
GSM1594762	E-GEOD-65391
GSM1594763	E-GEOD-65391
GSM1594764	E-GEOD-65391
GSM1594765	E-GEOD-65391
GSM1594766	E-GEOD-65391
GSM1594767	E-GEOD-65391
GSM1594768	E-GEOD-65391
GSM1594769	E-GEOD-65391
GSM1594770	E-GEOD-65391
GSM1594771	E-GEOD-65391
GSM1594772	E-GEOD-65391
GSM1594773	E-GEOD-65391
GSM1594774	E-GEOD-65391
GSM1594775	E-GEOD-65391
GSM1594776	E-GEOD-65391
GSM1594777	E-GEOD-65391
GSM1594778	E-GEOD-65391
GSM1594779	E-GEOD-65391
GSM1594780	E-GEOD-65391
GSM1594781	E-GEOD-65391
GSM1594782	E-GEOD-65391
GSM1594783	E-GEOD-65391
GSM1594784	E-GEOD-65391
GSM1594785	E-GEOD-65391
GSM1594786	E-GEOD-65391
GSM1594787	E-GEOD-65391
GSM1594788	E-GEOD-65391
GSM1594789	E-GEOD-65391
GSM1594790	E-GEOD-65391
GSM1594791	E-GEOD-65391
GSM1594792	E-GEOD-65391
GSM1594793	E-GEOD-65391
GSM1594794	E-GEOD-65391
GSM1594795	E-GEOD-65391
GSM1594796	E-GEOD-65391
GSM1594797	E-GEOD-65391
GSM1594798	E-GEOD-65391
GSM1594799	E-GEOD-65391
GSM1594800	E-GEOD-65391
GSM1594801	E-GEOD-65391
GSM1594802	E-GEOD-65391
GSM1594803	E-GEOD-65391
GSM1594804	E-GEOD-65391
GSM1594805	E-GEOD-65391
GSM1594806	E-GEOD-65391
GSM1594807	E-GEOD-65391
GSM1594808	E-GEOD-65391
GSM1594809	E-GEOD-65391
GSM1594810	E-GEOD-65391
GSM1594811	E-GEOD-65391
GSM1594812	E-GEOD-65391
GSM1594813	E-GEOD-65391
GSM1594814	E-GEOD-65391
GSM1594815	E-GEOD-65391
GSM1594816	E-GEOD-65391
GSM1594817	E-GEOD-65391
GSM1594818	E-GEOD-65391
GSM1594819	E-GEOD-65391
GSM1594820	E-GEOD-65391
GSM1594821	E-GEOD-65391
GSM1594822	E-GEOD-65391
GSM1594823	E-GEOD-65391
GSM1594824	E-GEOD-65391
GSM1594825	E-GEOD-65391
GSM1594826	E-GEOD-65391
GSM1594827	E-GEOD-65391
GSM1594828	E-GEOD-65391
GSM1594829	E-GEOD-65391
GSM1594830	E-GEOD-65391
GSM1594831	E-GEOD-65391
GSM1594832	E-GEOD-65391
GSM1594833	E-GEOD-65391
GSM1594834	E-GEOD-65391
GSM1594835	E-GEOD-65391
GSM1594836	E-GEOD-65391
GSM1594837	E-GEOD-65391
GSM1594838	E-GEOD-65391
GSM1594839	E-GEOD-65391
GSM1594840	E-GEOD-65391
GSM1594841	E-GEOD-65391
GSM1594842	E-GEOD-65391
GSM1594843	E-GEOD-65391
GSM1594844	E-GEOD-65391
GSM1594845	E-GEOD-65391
GSM1594846	E-GEOD-65391
GSM1594847	E-GEOD-65391
GSM1594848	E-GEOD-65391
GSM1594849	E-GEOD-65391
GSM1594850	E-GEOD-65391
GSM1594851	E-GEOD-65391
GSM1594852	E-GEOD-65391
GSM1594853	E-GEOD-65391
GSM1594854	E-GEOD-65391
GSM1594855	E-GEOD-65391
GSM1594856	E-GEOD-65391
GSM1594857	E-GEOD-65391
GSM1594858	E-GEOD-65391
GSM1594859	E-GEOD-65391
GSM1594860	E-GEOD-65391
GSM1594861	E-GEOD-65391
GSM1594862	E-GEOD-65391
GSM1594863	E-GEOD-65391
GSM1594864	E-GEOD-65391
GSM1594865	E-GEOD-65391
GSM1594866	E-GEOD-65391
GSM1594867	E-GEOD-65391
GSM1594868	E-GEOD-65391
GSM1594869	E-GEOD-65391
GSM1594870	E-GEOD-65391
GSM1594871	E-GEOD-65391
GSM1594872	E-GEOD-65391
GSM1594873	E-GEOD-65391
GSM1594874	E-GEOD-65391
GSM1594875	E-GEOD-65391
GSM1594876	E-GEOD-65391
GSM1594877	E-GEOD-65391
GSM1594878	E-GEOD-65391
GSM1594879	E-GEOD-65391
GSM1594880	E-GEOD-65391
GSM1594881	E-GEOD-65391
GSM1594882	E-GEOD-65391
GSM1594883	E-GEOD-65391
GSM1594884	E-GEOD-65391
GSM1594885	E-GEOD-65391
GSM1594886	E-GEOD-65391
GSM1594887	E-GEOD-65391
GSM1594888	E-GEOD-65391
GSM1594889	E-GEOD-65391
GSM1594890	E-GEOD-65391
GSM1594891	E-GEOD-65391
GSM1594892	E-GEOD-65391
GSM1594893	E-GEOD-65391
GSM1594894	E-GEOD-65391
GSM1594895	E-GEOD-65391
GSM1594896	E-GEOD-65391
GSM1594897	E-GEOD-65391
GSM1594898	E-GEOD-65391
GSM1594899	E-GEOD-65391
GSM1594900	E-GEOD-65391
GSM1594901	E-GEOD-65391
GSM1594902	E-GEOD-65391
GSM1594903	E-GEOD-65391
GSM1594904	E-GEOD-65391
GSM1594905	E-GEOD-65391
GSM1594906	E-GEOD-65391
GSM1594907	E-GEOD-65391
GSM1594908	E-GEOD-65391
GSM1594909	E-GEOD-65391
GSM1594910	E-GEOD-65391
GSM1594911	E-GEOD-65391
GSM1594912	E-GEOD-65391
GSM1594913	E-GEOD-65391
GSM1594914	E-GEOD-65391
GSM1594915	E-GEOD-65391
GSM1594916	E-GEOD-65391
GSM1594917	E-GEOD-65391
GSM1594918	E-GEOD-65391
GSM1594919	E-GEOD-65391
GSM1594920	E-GEOD-65391
GSM1594921	E-GEOD-65391
GSM1594922	E-GEOD-65391
GSM1594923	E-GEOD-65391
GSM1594924	E-GEOD-65391
GSM1594925	E-GEOD-65391
GSM1594926	E-GEOD-65391
GSM1594927	E-GEOD-65391
GSM1594928	E-GEOD-65391
GSM1594929	E-GEOD-65391
GSM1594930	E-GEOD-65391
GSM1594931	E-GEOD-65391
GSM1594932	E-GEOD-65391
GSM1594933	E-GEOD-65391
GSM1594934	E-GEOD-65391
GSM1594935	E-GEOD-65391
GSM1594936	E-GEOD-65391
GSM1594937	E-GEOD-65391
GSM1594938	E-GEOD-65391
GSM1594939	E-GEOD-65391
GSM1594940	E-GEOD-65391
GSM1594941	E-GEOD-65391
GSM1594942	E-GEOD-65391
GSM1594943	E-GEOD-65391
GSM1594944	E-GEOD-65391
GSM1594945	E-GEOD-65391
GSM1594946	E-GEOD-65391
GSM1594947	E-GEOD-65391
GSM1594948	E-GEOD-65391
GSM1594949	E-GEOD-65391
GSM1594950	E-GEOD-65391
GSM1594951	E-GEOD-65391
GSM1594952	E-GEOD-65391
GSM1594953	E-GEOD-65391
GSM1594954	E-GEOD-65391
GSM1594955	E-GEOD-65391
GSM1594956	E-GEOD-65391
GSM1594957	E-GEOD-65391
GSM1594958	E-GEOD-65391
GSM1594959	E-GEOD-65391
GSM1594960	E-GEOD-65391
GSM1594961	E-GEOD-65391
GSM1594962	E-GEOD-65391
GSM1594963	E-GEOD-65391
GSM1594964	E-GEOD-65391
GSM1594965	E-GEOD-65391
GSM1594966	E-GEOD-65391
GSM1594967	E-GEOD-65391
GSM1594968	E-GEOD-65391
GSM1594969	E-GEOD-65391
GSM1594970	E-GEOD-65391
GSM1594971	E-GEOD-65391
GSM1594972	E-GEOD-65391
GSM1594973	E-GEOD-65391
GSM1594974	E-GEOD-65391
GSM1594975	E-GEOD-65391
GSM1594976	E-GEOD-65391
GSM1594977	E-GEOD-65391
GSM1594978	E-GEOD-65391
GSM1594979	E-GEOD-65391
GSM1594980	E-GEOD-65391
GSM1594981	E-GEOD-65391
GSM1594982	E-GEOD-65391
GSM1594983	E-GEOD-65391
GSM1594984	E-GEOD-65391
GSM1594985	E-GEOD-65391
GSM1594986	E-GEOD-65391
GSM1594987	E-GEOD-65391
GSM1594988	E-GEOD-65391
GSM1594989	E-GEOD-65391
GSM1594990	E-GEOD-65391
GSM1594991	E-GEOD-65391
GSM1594992	E-GEOD-65391
GSM1594993	E-GEOD-65391
GSM1594994	E-GEOD-65391
GSM1594995	E-GEOD-65391
GSM1594996	E-GEOD-65391
GSM1594997	E-GEOD-65391
GSM1594998	E-GEOD-65391
GSM1594999	E-GEOD-65391
GSM1595000	E-GEOD-65391
GSM1595001	E-GEOD-65391
GSM1595002	E-GEOD-65391
GSM1595003	E-GEOD-65391
GSM1595004	E-GEOD-65391
GSM1595005	E-GEOD-65391
GSM1595006	E-GEOD-65391
GSM1595007	E-GEOD-65391
GSM1595008	E-GEOD-65391
GSM1595009	E-GEOD-65391
GSM1595010	E-GEOD-65391
GSM1595011	E-GEOD-65391
GSM1595012	E-GEOD-65391
GSM1595013	E-GEOD-65391
GSM1595014	E-GEOD-65391
GSM1595015	E-GEOD-65391
GSM1595016	E-GEOD-65391
GSM1595017	E-GEOD-65391
GSM1595018	E-GEOD-65391
GSM1595019	E-GEOD-65391
GSM1595020	E-GEOD-65391
GSM1595021	E-GEOD-65391
GSM1595022	E-GEOD-65391
GSM1595023	E-GEOD-65391
GSM1595024	E-GEOD-65391
GSM1595025	E-GEOD-65391
GSM1595026	E-GEOD-65391
GSM1595027	E-GEOD-65391
GSM1595028	E-GEOD-65391
GSM1595029	E-GEOD-65391
GSM1595030	E-GEOD-65391
GSM1595031	E-GEOD-65391
GSM1595032	E-GEOD-65391
GSM1595033	E-GEOD-65391
GSM1595034	E-GEOD-65391
GSM1595035	E-GEOD-65391
GSM1595036	E-GEOD-65391
GSM1595037	E-GEOD-65391
GSM1595038	E-GEOD-65391
GSM1595039	E-GEOD-65391
GSM1595040	E-GEOD-65391
GSM1595041	E-GEOD-65391
GSM1595042	E-GEOD-65391
GSM1595043	E-GEOD-65391
GSM1595044	E-GEOD-65391
GSM1595045	E-GEOD-65391
GSM1595046	E-GEOD-65391
GSM1595047	E-GEOD-65391
GSM1595048	E-GEOD-65391
GSM1595049	E-GEOD-65391
GSM1595050	E-GEOD-65391
GSM1595051	E-GEOD-65391
GSM1595052	E-GEOD-65391
GSM1595053	E-GEOD-65391
GSM1595054	E-GEOD-65391
GSM1595055	E-GEOD-65391
GSM1595056	E-GEOD-65391
GSM1595057	E-GEOD-65391
GSM1595058	E-GEOD-65391
GSM1595059	E-GEOD-65391
GSM1595060	E-GEOD-65391
GSM1595061	E-GEOD-65391
GSM1595062	E-GEOD-65391
GSM1595063	E-GEOD-65391
GSM1595064	E-GEOD-65391
GSM1595065	E-GEOD-65391
GSM1595066	E-GEOD-65391
GSM1595067	E-GEOD-65391
GSM1595068	E-GEOD-65391
GSM1595069	E-GEOD-65391
GSM1595070	E-GEOD-65391
GSM1595071	E-GEOD-65391
GSM1595072	E-GEOD-65391
GSM1595073	E-GEOD-65391
GSM1595074	E-GEOD-65391
GSM1595075	E-GEOD-65391
GSM1595076	E-GEOD-65391
GSM1595077	E-GEOD-65391
GSM1595078	E-GEOD-65391
GSM1595079	E-GEOD-65391
GSM1595080	E-GEOD-65391
GSM1595081	E-GEOD-65391
GSM1595082	E-GEOD-65391
GSM1595083	E-GEOD-65391
GSM1595084	E-GEOD-65391
GSM1595085	E-GEOD-65391
GSM1595086	E-GEOD-65391
GSM1595087	E-GEOD-65391
GSM1595088	E-GEOD-65391
GSM1595089	E-GEOD-65391
GSM1595090	E-GEOD-65391
GSM1595091	E-GEOD-65391
GSM1595092	E-GEOD-65391
GSM1595093	E-GEOD-65391
GSM1595094	E-GEOD-65391
GSM1595095	E-GEOD-65391
GSM1595096	E-GEOD-65391
GSM1595097	E-GEOD-65391
GSM1595098	E-GEOD-65391
GSM1595099	E-GEOD-65391
GSM1595100	E-GEOD-65391
GSM1595101	E-GEOD-65391
GSM1595102	E-GEOD-65391
GSM1595103	E-GEOD-65391
GSM1595104	E-GEOD-65391
GSM1595105	E-GEOD-65391
GSM1595106	E-GEOD-65391
GSM1595107	E-GEOD-65391
GSM1595108	E-GEOD-65391
GSM1595109	E-GEOD-65391
GSM1595110	E-GEOD-65391
GSM1595111	E-GEOD-65391
GSM1595112	E-GEOD-65391
GSM1595113	E-GEOD-65391
GSM1595114	E-GEOD-65391
GSM1595115	E-GEOD-65391
GSM1595116	E-GEOD-65391
GSM1595117	E-GEOD-65391
GSM1595118	E-GEOD-65391
GSM1595119	E-GEOD-65391
GSM1595120	E-GEOD-65391
GSM1595121	E-GEOD-65391
GSM1595122	E-GEOD-65391
GSM1595123	E-GEOD-65391
GSM1595124	E-GEOD-65391
GSM1595125	E-GEOD-65391
GSM1595126	E-GEOD-65391
GSM1595127	E-GEOD-65391
GSM1595128	E-GEOD-65391
GSM1595129	E-GEOD-65391
GSM1595130	E-GEOD-65391
GSM1595131	E-GEOD-65391
GSM1595132	E-GEOD-65391
GSM1595133	E-GEOD-65391
GSM1595134	E-GEOD-65391
GSM1595135	E-GEOD-65391
GSM1595136	E-GEOD-65391
GSM1595137	E-GEOD-65391
GSM1595138	E-GEOD-65391
GSM1595139	E-GEOD-65391
GSM1595140	E-GEOD-65391
GSM1595141	E-GEOD-65391
GSM1595142	E-GEOD-65391
GSM1595143	E-GEOD-65391
GSM1595144	E-GEOD-65391
GSM1595145	E-GEOD-65391
GSM1595146	E-GEOD-65391
GSM1595147	E-GEOD-65391
GSM1595148	E-GEOD-65391
GSM1595149	E-GEOD-65391
GSM1595150	E-GEOD-65391
GSM1595151	E-GEOD-65391
GSM1595152	E-GEOD-65391
GSM1595153	E-GEOD-65391
GSM1595154	E-GEOD-65391
GSM1595155	E-GEOD-65391
GSM1595156	E-GEOD-65391
GSM1595157	E-GEOD-65391
GSM1595158	E-GEOD-65391
GSM1595159	E-GEOD-65391
GSM1595160	E-GEOD-65391
GSM1595161	E-GEOD-65391
GSM1595162	E-GEOD-65391
GSM1595163	E-GEOD-65391
GSM1595164	E-GEOD-65391
GSM1595165	E-GEOD-65391
GSM1595166	E-GEOD-65391
GSM1595167	E-GEOD-65391
GSM1595168	E-GEOD-65391
GSM1595169	E-GEOD-65391
GSM1595170	E-GEOD-65391
GSM1595171	E-GEOD-65391
GSM1595172	E-GEOD-65391
GSM1595173	E-GEOD-65391
GSM1595174	E-GEOD-65391
GSM1595175	E-GEOD-65391
GSM1595176	E-GEOD-65391
GSM1595177	E-GEOD-65391
GSM1595178	E-GEOD-65391
GSM1595179	E-GEOD-65391
GSM1595180	E-GEOD-65391
GSM1595181	E-GEOD-65391
GSM1595182	E-GEOD-65391
GSM1595183	E-GEOD-65391
GSM1595184	E-GEOD-65391
GSM1595185	E-GEOD-65391
GSM1595186	E-GEOD-65391
GSM1595187	E-GEOD-65391
GSM1595188	E-GEOD-65391
GSM1595189	E-GEOD-65391
GSM1595190	E-GEOD-65391
GSM1595191	E-GEOD-65391
GSM1595192	E-GEOD-65391
GSM1595193	E-GEOD-65391
GSM1595194	E-GEOD-65391
GSM1595195	E-GEOD-65391
GSM1595196	E-GEOD-65391
GSM1595197	E-GEOD-65391
GSM1595198	E-GEOD-65391
GSM1595199	E-GEOD-65391
GSM1595200	E-GEOD-65391
GSM1595201	E-GEOD-65391
GSM1595202	E-GEOD-65391
GSM1595203	E-GEOD-65391
GSM1595204	E-GEOD-65391
GSM1595205	E-GEOD-65391
GSM1595206	E-GEOD-65391
GSM1595207	E-GEOD-65391
GSM1595208	E-GEOD-65391
GSM1595209	E-GEOD-65391
GSM1595210	E-GEOD-65391
GSM1595211	E-GEOD-65391
GSM1595212	E-GEOD-65391
GSM1595213	E-GEOD-65391
GSM1595214	E-GEOD-65391
GSM1595215	E-GEOD-65391
GSM1595216	E-GEOD-65391
GSM1595217	E-GEOD-65391
GSM1595218	E-GEOD-65391
GSM1595219	E-GEOD-65391
GSM1595220	E-GEOD-65391
GSM1595221	E-GEOD-65391
GSM1595222	E-GEOD-65391
GSM1869396_SLE1_T0_HG-U133_Plus_2_.CEL	E-GEOD-72747
GSM1869397_SLE1_T12_HG-U133_Plus_2_.CEL	E-GEOD-72747
GSM1869398_SLE1_T24_HG-U133_Plus_2_.CEL	E-GEOD-72747
GSM1869399_SLE2_T0_HG-U133_Plus_2_.CEL	E-GEOD-72747
GSM1869400_SLE2_T12_HG-U133_Plus_2_.CEL	E-GEOD-72747
GSM1869401_SLE2_T24_HG-U133_Plus_2_.CEL	E-GEOD-72747
GSM1869402_SLE3_T0_HG-U133_Plus_2_.CEL	E-GEOD-72747
GSM1869403_SLE3_T12_HG-U133_Plus_2_.CEL	E-GEOD-72747
GSM1869404_SLE3_T24_HG-U133_Plus_2_.CEL	E-GEOD-72747
GSM1869405_SLE4_T0.CEL	E-GEOD-72747
GSM1869406_SLE4_T12_HG-U133_Plus_2_.CEL	E-GEOD-72747
GSM1869407_SLE4_T24_HG-U133_Plus_2_.CEL	E-GEOD-72747
GSM1869408_SLE5_T0_HG-U133_Plus_2_.CEL	E-GEOD-72747
GSM1869409_SLE5_T12_HG-U133_Plus_2_.CEL	E-GEOD-72747
GSM1869410_SLE5_T24_HG-U133_Plus_2_.CEL	E-GEOD-72747
GSM1869411_SLE6_T0_HG-U133_Plus_2_.CEL	E-GEOD-72747
GSM1869412_SLE6_T12_HG-U133_Plus_2_.CEL	E-GEOD-72747
GSM1869413_SLE6_T24_HG-U133_Plus_2_.CEL	E-GEOD-72747
GSM1869414_SLE9_T0_HG-U133_Plus_2_.CEL	E-GEOD-72747
GSM1869415_SLE9_T12_HG-U133_Plus_2_.CEL	E-GEOD-72747
GSM1869416_SLE9_T24_HG-U133_Plus_2_.CEL	E-GEOD-72747
GSM1869417_SLE11_T0_HG-U133_Plus_2_.CEL	E-GEOD-72747
GSM1869418_SLE11_T12_HG-U133_Plus_2_.CEL	E-GEOD-72747
GSM1869419_SLE11_T24_HG-U133_Plus_2_.CEL	E-GEOD-72747
GSM1869420_SLE12_T0_HG-U133_Plus_2_.CEL	E-GEOD-72747
GSM1869421_SLE12_T12_HG-U133_Plus_2_.CEL	E-GEOD-72747
GSM1869422_SLE12_T24_HG-U133_Plus_2_.CEL	E-GEOD-72747
GSM1869423_SLE13_T0_HG-U133_Plus_2_.CEL	E-GEOD-72747
GSM1869424_SLE13_T12_HG-U133_Plus_2_.CEL	E-GEOD-72747
GSM1869425_SLE13_T24_HG-U133_Plus_2_.CEL	E-GEOD-72747
GSM2069305	E-GEOD-78193
GSM2069306	E-GEOD-78193
GSM2069307	E-GEOD-78193
GSM2069308	E-GEOD-78193
GSM2069309	E-GEOD-78193
GSM2069310	E-GEOD-78193
GSM2069311	E-GEOD-78193
GSM2069312	E-GEOD-78193
GSM2069313	E-GEOD-78193
GSM2069314	E-GEOD-78193
GSM2069315	E-GEOD-78193
GSM2069316	E-GEOD-78193
GSM2069317	E-GEOD-78193
GSM2069318	E-GEOD-78193
GSM2069319	E-GEOD-78193
GSM2069320	E-GEOD-78193
GSM2069321	E-GEOD-78193
GSM2069322	E-GEOD-78193
GSM2069323	E-GEOD-78193
GSM2069324	E-GEOD-78193
GSM2069325	E-GEOD-78193
GSM2069326	E-GEOD-78193
GSM2069327	E-GEOD-78193
GSM2069328	E-GEOD-78193
GSM2069329	E-GEOD-78193
GSM2069330	E-GEOD-78193
GSM2069331	E-GEOD-78193
GSM2069332	E-GEOD-78193
GSM2069333	E-GEOD-78193
GSM2069334	E-GEOD-78193
GSM2069335	E-GEOD-78193
GSM2069336	E-GEOD-78193
GSM2069337	E-GEOD-78193
GSM2069338	E-GEOD-78193
GSM2069339	E-GEOD-78193
GSM2069340	E-GEOD-78193
GSM2069341	E-GEOD-78193
GSM2069342	E-GEOD-78193
GSM2069343	E-GEOD-78193
GSM2069344	E-GEOD-78193
GSM2069345	E-GEOD-78193
GSM2069346	E-GEOD-78193
GSM2069347	E-GEOD-78193
GSM2069348	E-GEOD-78193
GSM2069349	E-GEOD-78193
GSM2069350	E-GEOD-78193
GSM2069351	E-GEOD-78193
GSM2069352	E-GEOD-78193
GSM2069353	E-GEOD-78193
GSM2069354	E-GEOD-78193
GSM2069355	E-GEOD-78193
GSM2069356	E-GEOD-78193
GSM2069357	E-GEOD-78193
GSM2069358	E-GEOD-78193
GSM2069359	E-GEOD-78193
GSM2069360	E-GEOD-78193
GSM2069361	E-GEOD-78193
GSM2069362	E-GEOD-78193
GSM2069363	E-GEOD-78193
GSM2069364	E-GEOD-78193
GSM2069365	E-GEOD-78193
GSM2069366	E-GEOD-78193
GSM2069367	E-GEOD-78193
GSM2069368	E-GEOD-78193
GSM2069369	E-GEOD-78193
GSM2069370	E-GEOD-78193
GSM2069371	E-GEOD-78193
GSM2069372	E-GEOD-78193
GSM2069373	E-GEOD-78193
GSM2069374	E-GEOD-78193
GSM2069375	E-GEOD-78193
GSM2069376	E-GEOD-78193
GSM2069377	E-GEOD-78193
GSM2069378	E-GEOD-78193
GSM2069379	E-GEOD-78193
GSM2069380	E-GEOD-78193
GSM2069381	E-GEOD-78193
GSM2069382	E-GEOD-78193
GSM2069383	E-GEOD-78193
GSM2069384	E-GEOD-78193
GSM2069385	E-GEOD-78193
GSM2069386	E-GEOD-78193
GSM2069387	E-GEOD-78193
GSM2069388	E-GEOD-78193
GSM2069389	E-GEOD-78193
GSM2069390	E-GEOD-78193
GSM2069391	E-GEOD-78193
GSM2069392	E-GEOD-78193
GSM2069393	E-GEOD-78193
GSM2069394	E-GEOD-78193
GSM2069395	E-GEOD-78193
GSM2069396	E-GEOD-78193
GSM2069397	E-GEOD-78193
GSM2069398	E-GEOD-78193
GSM2069399	E-GEOD-78193
GSM2069400	E-GEOD-78193
GSM2069401	E-GEOD-78193
GSM2069402	E-GEOD-78193
GSM2069403	E-GEOD-78193
GSM2069404	E-GEOD-78193
GSM2069405	E-GEOD-78193
GSM2069406	E-GEOD-78193
GSM2069407	E-GEOD-78193
GSM2069408	E-GEOD-78193
GSM2069409	E-GEOD-78193
GSM2069410	E-GEOD-78193
GSM2069411	E-GEOD-78193
GSM2069412	E-GEOD-78193
GSM2069413	E-GEOD-78193
GSM2069414	E-GEOD-78193
GSM2069415	E-GEOD-78193
GSM2069416	E-GEOD-78193
GSM2069417	E-GEOD-78193
GSM2069418	E-GEOD-78193
GSM2069419	E-GEOD-78193
GSM2069420	E-GEOD-78193
GSM2069421	E-GEOD-78193
GSM2069422	E-GEOD-78193
GSM2069423	E-GEOD-78193
GSM2069424	E-GEOD-78193
GSM2069425	E-GEOD-78193
GSM2069426	E-GEOD-78193
GSM2069427	E-GEOD-78193
GSM2069428	E-GEOD-78193
GSM2069429	E-GEOD-78193
SLE111_070303B	E-GEOD-11907
SLE121_022704B	E-GEOD-11907
SLE52_071702B	E-GEOD-11907
SLE85_110602B	E-GEOD-11907
SLE117_103003B	E-GEOD-11907
SLE100_050703B	E-GEOD-11907
SLE107_060403B	E-GEOD-11907
SLE67_042803B	E-GEOD-11907
SLE82_032604B	E-GEOD-11907
SLE31_110602B	E-GEOD-11907
SLE108_061103B	E-GEOD-11907
SLE78_021304B	E-GEOD-11907
SLE60_021604B	E-GEOD-11907
SLE75_060203B	E-GEOD-11907
SLE106_060203B	E-GEOD-11907
SLE87_110602B	E-GEOD-11907
SLE76_060203B	E-GEOD-11907
SLE74_031004B	E-GEOD-11907
SLE57_072402B	E-GEOD-11907
SLE91_021604B	E-GEOD-11907
SLE98_012903B	E-GEOD-11907
SLE113B	E-GEOD-11907
SLE32_061103B	E-GEOD-11907
SLE79_102402B	E-GEOD-11907
SLE51_071702B	E-GEOD-11907
SLE66_091602B	E-GEOD-11907
SLE20_060603B	E-GEOD-11907
SLE96_021804B	E-GEOD-11907
SLE53_042803B	E-GEOD-11907
SLE50_010803B	E-GEOD-11907
SLE99_030304B	E-GEOD-11907
SLE114B	E-GEOD-11907
SLE48_110602B	E-GEOD-11907
SLE45_090902B	E-GEOD-11907
SLE62_030504B	E-GEOD-11907
SLE41_111502B	E-GEOD-11907
SLE94_060403B	E-GEOD-11907
H 27	E-GEOD-11907
H 30	E-GEOD-11907
H 45	E-GEOD-11907
H 46	E-GEOD-11907
